{"title":{"0":"What did you blog about today?","1":"What did you blog about today?","2":"What did you blog about today?","3":"What did you blog about today?","4":"What did you blog about today?","5":"What did you blog about today?","6":"What did you blog about today?","7":"What did you blog about today?","8":"What did you blog about today?","9":"What did you blog about today?","10":"What did you blog about today?","11":"What did you blog about today?","12":"What did you blog about today?","13":"What did you blog about today?","14":"What did you blog about today?","15":"What did you blog about today?","16":"What did you blog about today?","17":"What did you blog about today?","18":"A far future cyberpunkish sci-fi story with a cyber samurai","19":"A far future cyberpunkish sci-fi story with a cyber samurai","20":"A far future cyberpunkish sci-fi story with a cyber samurai","21":"A far future cyberpunkish sci-fi story with a cyber samurai","22":"A far future cyberpunkish sci-fi story with a cyber samurai","23":"A far future cyberpunkish sci-fi story with a cyber samurai","24":"A far future cyberpunkish sci-fi story with a cyber samurai","25":"A far future cyberpunkish sci-fi story with a cyber samurai","26":"A far future cyberpunkish sci-fi story with a cyber samurai","27":"A far future cyberpunkish sci-fi story with a cyber samurai","28":"A far future cyberpunkish sci-fi story with a cyber samurai","29":"A far future cyberpunkish sci-fi story with a cyber samurai","30":"A far future cyberpunkish sci-fi story with a cyber samurai","31":"A far future cyberpunkish sci-fi story with a cyber samurai","32":"A far future cyberpunkish sci-fi story with a cyber samurai","33":"A far future cyberpunkish sci-fi story with a cyber samurai","34":"A far future cyberpunkish sci-fi story with a cyber samurai","35":"A far future cyberpunkish sci-fi story with a cyber samurai","36":"A far future cyberpunkish sci-fi story with a cyber samurai","37":"World of Mutes excerpt ch. 1 (1,435 words)","38":"World of Mutes excerpt ch. 1 (1,435 words)","39":"World of Mutes excerpt ch. 1 (1,435 words)","40":"World of Mutes excerpt ch. 1 (1,435 words)","41":"World of Mutes excerpt ch. 1 (1,435 words)","42":"World of Mutes excerpt ch. 1 (1,435 words)","43":"World of Mutes excerpt ch. 1 (1,435 words)","44":"World of Mutes excerpt ch. 1 (1,435 words)","45":"World of Mutes excerpt ch. 1 (1,435 words)","46":"World of Mutes excerpt ch. 1 (1,435 words)","47":"World of Mutes excerpt ch. 1 (1,435 words)","48":"World of Mutes excerpt ch. 1 (1,435 words)","49":"World of Mutes excerpt ch. 1 (1,435 words)","50":"World of Mutes excerpt ch. 1 (1,435 words)","51":"World of Mutes excerpt ch. 1 (1,435 words)","52":"World of Mutes excerpt ch. 1 (1,435 words)","53":"World of Mutes excerpt ch. 1 (1,435 words)","54":"World of Mutes excerpt ch. 1 (1,435 words)","55":"The Book of Boba Fett - Chapter 4 - The Gathering Storm","56":"The Book of Boba Fett - Chapter 4 - The Gathering Storm","57":"The Book of Boba Fett - Chapter 4 - The Gathering Storm","58":"The Book of Boba Fett - Chapter 4 - The Gathering Storm","59":"The Book of Boba Fett - Chapter 4 - The Gathering Storm","60":"The Book of Boba Fett - Chapter 4 - The Gathering Storm","61":"The Book of Boba Fett - Chapter 4 - The Gathering Storm","62":"The Book of Boba Fett - Chapter 4 - The Gathering Storm","63":"The Book of Boba Fett - Chapter 4 - The Gathering Storm","64":"The Book of Boba Fett - Chapter 4 - The Gathering Storm","65":"The Book of Boba Fett - Chapter 4 - The Gathering Storm","66":"The Book of Boba Fett - Chapter 4 - The Gathering Storm","67":"The Book of Boba Fett - Chapter 4 - The Gathering Storm","68":"The Book of Boba Fett - Chapter 4 - The Gathering Storm","69":"The Book of Boba Fett - Chapter 4 - The Gathering Storm","70":"The Book of Boba Fett - Chapter 4 - The Gathering Storm","71":"January 2022 Reading Thread.","72":"January 2022 Reading Thread.","73":"January 2022 Reading Thread.","74":"January 2022 Reading Thread.","75":"January 2022 Reading Thread.","76":"January 2022 Reading Thread.","77":"January 2022 Reading Thread.","78":"January 2022 Reading Thread.","79":"January 2022 Reading Thread.","80":"January 2022 Reading Thread.","81":"January 2022 Reading Thread.","82":"January 2022 Reading Thread.","83":"January 2022 Reading Thread.","84":"January 2022 Reading Thread.","85":"January 2022 Reading Thread.","86":"January 2022 Reading Thread.","87":"January 2022 Reading Thread.","88":"January 2022 Reading Thread.","89":"January 2022 Reading Thread.","90":"January 2022 Reading Thread.","91":"January 2022 Reading Thread.","92":"January 2022 Reading Thread.","93":"January 2022 Reading Thread.","94":"January 2022 Reading Thread.","95":"January 2022 Reading Thread.","96":"January 2022 Reading Thread.","97":"January 2022 Reading Thread.","98":"January 2022 Reading Thread.","99":"January 2022 Reading Thread.","100":"January 2022 Reading Thread.","101":"January 2022 Reading Thread.","102":"January 2022 Reading Thread.","103":"January 2022 Reading Thread.","104":"January 2022 Reading Thread.","105":"January 2022 Reading Thread.","106":"January 2022 Reading Thread.","107":"The Book of Boba Fett - Chapter 3 - The Streets of Mos Espa","108":"The Book of Boba Fett - Chapter 3 - The Streets of Mos Espa","109":"The Book of Boba Fett - Chapter 3 - The Streets of Mos Espa","110":"The Book of Boba Fett - Chapter 3 - The Streets of Mos Espa","111":"The Book of Boba Fett - Chapter 3 - The Streets of Mos Espa","112":"The Book of Boba Fett - Chapter 3 - The Streets of Mos Espa","113":"The Book of Boba Fett - Chapter 3 - The Streets of Mos Espa","114":"The Book of Boba Fett - Chapter 3 - The Streets of Mos Espa","115":"The Book of Boba Fett - Chapter 3 - The Streets of Mos Espa","116":"The Book of Boba Fett - Chapter 3 - The Streets of Mos Espa","117":"The Book of Boba Fett - Chapter 3 - The Streets of Mos Espa","118":"The Book of Boba Fett - Chapter 3 - The Streets of Mos Espa","119":"The Book of Boba Fett - Chapter 3 - The Streets of Mos Espa","120":"The Book of Boba Fett - Chapter 3 - The Streets of Mos Espa","121":"The Book of Boba Fett - Chapter 3 - The Streets of Mos Espa","122":"The Book of Boba Fett - Chapter 3 - The Streets of Mos Espa","123":"The Book of Boba Fett - Chapter 3 - The Streets of Mos Espa","124":"The Book of Boba Fett - Chapter 3 - The Streets of Mos Espa","125":"Black Lotus","126":"Black Lotus","127":"Black Lotus","128":"Black Lotus","129":"Black Lotus","130":"Black Lotus","131":"Black Lotus","132":"Black Lotus","133":"Black Lotus","134":"Black Lotus","135":"Black Lotus","136":"Black Lotus","137":"Black Lotus","138":"Black Lotus","139":"Black Lotus","140":"Black Lotus","141":"Black Lotus","142":"Black Lotus","143":"Black Lotus","144":"December 2021 Reading Thread","145":"December 2021 Reading Thread","146":"December 2021 Reading Thread","147":"December 2021 Reading Thread","148":"December 2021 Reading Thread","149":"December 2021 Reading Thread","150":"December 2021 Reading Thread","151":"December 2021 Reading Thread","152":"December 2021 Reading Thread","153":"December 2021 Reading Thread","154":"December 2021 Reading Thread","155":"December 2021 Reading Thread","156":"December 2021 Reading Thread","157":"December 2021 Reading Thread","158":"December 2021 Reading Thread","159":"Why do people say things like this?  Fandom originating in conspiracy","160":"Why do people say things like this?  Fandom originating in conspiracy","161":"Why do people say things like this?  Fandom originating in conspiracy","162":"Why do people say things like this?  Fandom originating in conspiracy","163":"Why do people say things like this?  Fandom originating in conspiracy","164":"Why do people say things like this?  Fandom originating in conspiracy","165":"Why do people say things like this?  Fandom originating in conspiracy","166":"Why do people say things like this?  Fandom originating in conspiracy","167":"Why do people say things like this?  Fandom originating in conspiracy","168":"Why do people say things like this?  Fandom originating in conspiracy","169":"Why do people say things like this?  Fandom originating in conspiracy","170":"Why do people say things like this?  Fandom originating in conspiracy","171":"Why do people say things like this?  Fandom originating in conspiracy","172":"Why do people say things like this?  Fandom originating in conspiracy","173":"Why do people say things like this?  Fandom originating in conspiracy","174":"Why do people say things like this?  Fandom originating in conspiracy","175":"Why do people say things like this?  Fandom originating in conspiracy"},"name":{"0":"bretbernhoft","1":"Wayne Mack","2":"WSDuffy","3":"ctg","4":"tobl","5":"Toby Frost","6":"ctg","7":"Danny McG","8":"paranoid marvin","9":"Dave","10":"psikeyhackr","11":"bretbernhoft","12":"Vince W","13":"alexvss","14":"alexvss","15":"Vince W","16":"alexvss","17":"Astro Pen","18":"alexvss","19":"alexvss","20":"The Big Peat","21":"Bugg","22":"BAYLOR","23":"Mon0Zer0","24":"tobl","25":"alexvss","26":"alexvss","27":"Ray Zdybrow","28":"Toby Frost","29":"Vince W","30":"Immortality","31":"Immortality","32":"Immortality","33":"wearywanderer64","34":"Vince W","35":"alexvss","36":"AllanR","37":"alexvss","38":"J-Sun","39":"Mon0Zer0","40":"Robert Zwilling","41":"alexvss","42":"Vince W","43":"hitmouse","44":"Mon0Zer0","45":"Montero","46":"DLCroix","47":"JohnM","48":"DLCroix","49":"DrStrangelove","50":"psikeyhackr","51":"BAYLOR","52":"Mon0Zer0","53":"Vertigo","54":"tachyon","55":"tachyon","56":"Vertigo","57":"Mon0Zer0","58":"alexvss","59":"psikeyhackr","60":"ctg","61":"Danny McG","62":"chrispenycate","63":"Vince W","64":"Danny McG","65":"Fire&Light65","66":"Toby Frost","67":"Fire&Light65","68":"alexvss","69":"Fire&Light65","70":"Wayne Mack","71":"Werthead","72":"Danny McG","73":"Serendipity","74":"BAYLOR","75":"Vince W","76":"psikeyhackr","77":"Vladd67","78":"ctg","79":"CupofJoe","80":"Parson","81":"Toby Frost","82":"Toby Frost","83":"hitmouse","84":"Vince W","85":"Randy M.","86":"Laura R Hepworth","87":"Vince W","88":"Bick","89":"Toby Frost","90":"alexvss","91":"Ethics_gradient","92":"tachyon","93":"alexvss","94":"alexvss","95":".matthew.","96":"Toby Frost","97":"Topher","98":"jd73","99":"Danny McG","100":"Danny McG","101":"Danny McG","102":"Bick","103":"Vince W","104":"Bick","105":"Toby Frost","106":"Bugg","107":"Venusian Broon","108":"Overread","109":"AlexH","110":"Venusian Broon","111":"fabrice4","112":"Teresa Edgerton","113":"Bugg","114":"alexvss","115":"BAYLOR","116":"Vince W","117":"BAYLOR","118":"VegetalCrossing","119":"Topher","120":"jd73","121":"jd73","122":"Blake00","123":".matthew.","124":"Vladd67","125":"Toby Frost","126":"Vince W","127":"Vladd67","128":"jd73","129":"kythe","130":"Vince W","131":"Robert Zwilling","132":"Serendipity","133":"Toby Frost","134":"Vertigo","135":"MikeAnderson","136":"Vince W","137":"Jo Zebedee","138":"JJewel","139":"Vince W","140":"Toby Frost","141":"Vince W","142":"Overread","143":"Vertigo","144":"DLCroix","145":"Vince W","146":"DLCroix","147":"Joshua Jones","148":"hitmouse","149":"martin321","150":"Bugg","151":"Margaret Note Spelling","152":"Vince W","153":"Toby Frost","154":"Colbey Frost 2","155":"Joshua Jones","156":"BAYLOR","157":"Bagpuss","158":"ctg","159":"J-Sun","160":"Finch","161":"Guttersnipe","162":"williamjm","163":"Toby Frost","164":"Overread","165":"JJ Maier","166":"BAYLOR","167":"Star-child","168":"Vince W","169":"Bick","170":"Galactic Bus Driver","171":"Star-child","172":"Star-child","173":"Serendipity","174":"Randy M.","175":"ctg"},"time":{"0":1645401600000,"1":1645401600000,"2":1645401600000,"3":1645401600000,"4":1645401600000,"5":1645401600000,"6":1645401600000,"7":1645401600000,"8":1645401600000,"9":1645401600000,"10":1645401600000,"11":1645401600000,"12":1645401600000,"13":1645401600000,"14":1645401600000,"15":1645401600000,"16":1645401600000,"17":1645401600000,"18":1645401600000,"19":1645401600000,"20":1645401600000,"21":1645401600000,"22":1645401600000,"23":1645401600000,"24":1645401600000,"25":1645401600000,"26":1645401600000,"27":1645401600000,"28":1645401600000,"29":1645401600000,"30":1645401600000,"31":1645401600000,"32":1645401600000,"33":1645401600000,"34":1645401600000,"35":1645401600000,"36":1645401600000,"37":1645401600000,"38":1645401600000,"39":1645401600000,"40":1645401600000,"41":1645401600000,"42":1645401600000,"43":1645401600000,"44":1645401600000,"45":1645401600000,"46":1645401600000,"47":1645401600000,"48":1645401600000,"49":1645401600000,"50":1645401600000,"51":1645401600000,"52":1645401600000,"53":1645401600000,"54":1645401600000,"55":1645401600000,"56":1645401600000,"57":1645401600000,"58":1645401600000,"59":1645401600000,"60":1645401600000,"61":1645401600000,"62":1645401600000,"63":1645401600000,"64":1645401600000,"65":1645401600000,"66":1645401600000,"67":1645401600000,"68":1645401600000,"69":1645401600000,"70":1645401600000,"71":1645401600000,"72":1645401600000,"73":1645401600000,"74":1645401600000,"75":1645401600000,"76":1645401600000,"77":1645401600000,"78":1645401600000,"79":1645401600000,"80":1645401600000,"81":1645401600000,"82":1645401600000,"83":1645401600000,"84":1645401600000,"85":1645401600000,"86":1645401600000,"87":1645401600000,"88":1645401600000,"89":1645401600000,"90":1645401600000,"91":1645401600000,"92":1645401600000,"93":1645401600000,"94":1645401600000,"95":1645401600000,"96":1645401600000,"97":1645401600000,"98":1645401600000,"99":1645401600000,"100":1645401600000,"101":1645401600000,"102":1645401600000,"103":1645401600000,"104":1645401600000,"105":1645401600000,"106":1645401600000,"107":1645401600000,"108":1645401600000,"109":1645401600000,"110":1645401600000,"111":1645401600000,"112":1645401600000,"113":1645401600000,"114":1645401600000,"115":1645401600000,"116":1645401600000,"117":1645401600000,"118":1645401600000,"119":1645401600000,"120":1645401600000,"121":1645401600000,"122":1645401600000,"123":1645401600000,"124":1645401600000,"125":1645401600000,"126":1645401600000,"127":1645401600000,"128":1645401600000,"129":1645401600000,"130":1645401600000,"131":1645401600000,"132":1645401600000,"133":1645401600000,"134":1645401600000,"135":1645401600000,"136":1645401600000,"137":1645401600000,"138":1645401600000,"139":1645401600000,"140":1645401600000,"141":1645401600000,"142":1645401600000,"143":1645401600000,"144":1645401600000,"145":1645401600000,"146":1645401600000,"147":1645401600000,"148":1645401600000,"149":1645401600000,"150":1645401600000,"151":1645401600000,"152":1645401600000,"153":1645401600000,"154":1645401600000,"155":1645401600000,"156":1645401600000,"157":1645401600000,"158":1645401600000,"159":1645401600000,"160":1645401600000,"161":1645401600000,"162":1645401600000,"163":1645401600000,"164":1645401600000,"165":1645401600000,"166":1645401600000,"167":1645401600000,"168":1645401600000,"169":1645401600000,"170":1645401600000,"171":1645401600000,"172":1645401600000,"173":1645401600000,"174":1645401600000,"175":1645401600000},"forum":{"0":"SFF Lounge","1":"Writing Discussion","2":"Critiques","3":"The Mandalorian & Book of Boba Fett","4":"Book Discussion","5":"Book Discussion","6":"The Mandalorian & Book of Boba Fett","7":"Book Discussion","8":"SFF Lounge","9":"SFF Lounge","10":"Book Discussion","11":"SFF Lounge","12":"General Film Discussion","13":"Book Discussion","14":"Book Discussion","15":"General Film Discussion","16":"Book Discussion","17":"SFF Lounge","18":"Book Discussion","19":"Book Discussion","20":"Game Discussions","21":"Game Discussions","22":"Star Trek","23":"Promotions","24":"Book Discussion","25":"Book Discussion","26":"Book Discussion","27":"Book Discussion","28":"Technology","29":"Book Discussion","30":"Book Discussion","31":"Book Discussion","32":"Book Discussion","33":"Book Discussion","34":"Book Discussion","35":"Book Discussion","36":"Book Discussion","37":"Writing Discussion","38":"Book Discussion","39":"SFF Lounge","40":"Writing Discussion","41":"Writing Discussion","42":"Book Discussion","43":"General TV Discussion","44":"SFF Lounge","45":"Writing Discussion","46":"Writing Discussion","47":"Writing Discussion","48":"Writing Discussion","49":"Game Discussions","50":"Book Discussion","51":"SFF Lounge","52":"SFF Lounge","53":"Book Discussion","54":"Book Discussion","55":"Book Discussion","56":"Book Discussion","57":"Art","58":"Writing Discussion","59":"Writing Discussion","60":"General TV Discussion","61":"Book Discussion","62":"Classic SF&F","63":"General Film Discussion","64":"Book Discussion","65":"Writing Discussion","66":"Writing Discussion","67":"Writing Discussion","68":"Writing Discussion","69":"Writing Discussion","70":"Writing Discussion","71":"Book Discussion","72":"Book Discussion","73":"Book Discussion","74":"Book Discussion","75":"Classic SF&F","76":"Book Discussion","77":"Book Discussion","78":"General TV Discussion","79":"Book Discussion","80":"Book Discussion","81":"Book Discussion","82":"Book Discussion","83":"Book Discussion","84":"Classic SF&F","85":"Book Discussion","86":"Art","87":"Classic SF&F","88":"Book Discussion","89":"Writing Discussion","90":"Book Discussion","91":"Graphic Novels & Comics","92":"Book Discussion","93":"Book Discussion","94":"Book Discussion","95":"Art","96":"Writing Discussion","97":"Critiques","98":"Book Discussion","99":"Book Discussion","100":"Book Discussion","101":"Book Discussion","102":"Book Discussion","103":"Book Discussion","104":"Book Discussion","105":"Writing Discussion","106":"Game Discussions","107":"Game Discussions","108":"Game Discussions","109":"Game Discussions","110":"Game Discussions","111":"Book Discussion","112":"Book Discussion","113":"Game Discussions","114":"Anime and Animation","115":"SFF Lounge","116":"SFF Lounge","117":"SFF Lounge","118":"Neal Stephenson","119":"Writing Discussion","120":"Writing Discussion","121":"Writing Discussion","122":"Game Discussions","123":"SFF Lounge","124":"SFF Lounge","125":"SFF Lounge","126":"Book Discussion","127":"SFF Lounge","128":"SFF Lounge","129":"SFF Lounge","130":"Book Discussion","131":"SFF Lounge","132":"SFF Lounge","133":"SFF Lounge","134":"Book Discussion","135":"Book Discussion","136":"Book Discussion","137":"Book Discussion","138":"Book Discussion","139":"Book Discussion","140":"SFF Lounge","141":"Book Discussion","142":"Game Discussions","143":"Book Discussion","144":"SFF Lounge","145":"Book Discussion","146":"SFF Lounge","147":"Workshop","148":"Book Discussion","149":"Reviews & Interviews","150":"Game Discussions","151":"SFF Lounge","152":"Book Discussion","153":"Game Discussions","154":"Game Discussions","155":"Workshop","156":"Book Search","157":"Book Discussion","158":"Anime and Animation","159":"Book Discussion","160":"Writing Discussion","161":"Writing Discussion","162":"Book Discussion","163":"Firefly","164":"Writing Discussion","165":"Writing Discussion","166":"General Film Discussion","167":"Book Discussion","168":"Book Discussion","169":"Book Discussion","170":"Book Discussion","171":"Book Discussion","172":"Book Discussion","173":"Book Discussion","174":"Book Discussion","175":"General TV Discussion"},"text":{"0":"I am still, slowly writing an article on the presence of spirituality within Cyberpunk media. It's taking a while, but that's alright. I am deeply enjoying the process of researching this topic, and learning more about Cyberpunk as a worldview.","1":"I just recently watched \"Alita: Battle Angel,\" which is a movie based on a manga. It has a cyberpunk setting with the lead character being skilled in marital arts using a very Samurai-like sword. I hope this does not dissuade anyone from writing this style of story, rather, it indicates that there is a market for it.","2":"Thank you for sharing this. My notes below","3":"First of all, a small confession, I do not consider concept art being a spoiler. I personally check the concept art first before I watch episode and even if some scenes are revealing, they don't reveal enough and in my mind, I imagine different things than what we'll see in the episodes. I've always been like that, even in the art exhibits. And in my mind when I see Mr Fett standing next to Slave-1 (don't hate me for using the original name) I always conjure him chasing bounties across the galaxy. ","4":"you mean like that stupid psychological prison experiment?","5":"I read ","6":"To be frank, I feel slightly disappointed on getting the short episodes. In the pilot we saw that Favreau got it wrong, but in this one he has Filoni backing him up as the writing and producer credits goes to both. Can Dave save the deal or is this going to be a roller-coaster ride with the audience feelings. I know that it's very hard to top the last episode, because it has been applauded by so many, including the critics. ","7":"I'm looking at a cyberpunk book tonight","8":"","9":"I know little about American culture relating to this, and I see sci-fi as an American term, but from a British perspective, I do know that for anyone growing up in England in the '50's, '60's and 70's, anyone who liked reading science fiction was thought of as weird, a geek, and a nerd. I know of only two boys who read Marvel \"comic books\" at school and they were both shunned in the same way that train spotters still are today. I worked in Public Libraries in holidays in the 1980's and the science fiction shelves were still, even then, considered not to be very literary. We did read some at school but it was considered childish and something you would grow out of later. There was very little science fiction on TV. Even Star Trek was shown at time slots that favoured children watching. Science fiction films were generally cheesy until 2001: A Space Odyssey came along. It was never mainstream until after Star Wars.","10":"I read Bujold's Barrayar some time in the early 90s.  I really don't know how famous she was at the time. I had never heard of her.","11":"I'm presently writing an article\/post about the inherent spirituality of the Cyberpunk genre. It's not published yet, and likely will not be for a couple of months. As I'm taking my time to prepare for and then author the \"real deal\". I'm interested in producing a thought-provoking piece, something that can be respected for it's quality alone.","12":"I've watched the first two episodes and I concur. I would add that there is too much reliance on martial arts flash at the expense of story\/character development. In Blade Runner you actually care about the characters. This, not so much.","13":"Just started ","14":" (2021). A Netflix original staring Mary Elizabeth Winstead, an actor that I like and that has been taking supporting roles for an awful amount of time.","15":"Absolutely. I often recommend ","16":"I really like this franchise! But I don't think it does anything new. I always saw it as a myriad of cyberpunk books and movies that, albeit not doing anything wrong, just keeps referencing the classics. They even quote ","17":"I lean more to cyberpunk though I have had a few dreams in steampunk mode. I haven't written any steampunk (apart from one 75 worder on here) but   I  might get inspired because there is a window of tweed, scientific ambition and brass that I can feel opening. Really it's about the characters.","18":". A Japanese woman (Masumi) living in S\u00e3o Paulo finds out that she, being the sole survivor of the murder of her family, is the heiress of Osaka's biggest crime syndicate. At the same time, a foreign white guy (Jhonatan Rhys Meyers) wakes up in a hospital in that same city, not remembering a thing and only carrying a katana to find out who he is.","19":"I came back to ","20":"Would gently discourage Shadowrun for these purposes. I love it to pieces, but its Cyberpunk meets D&D with nary a drop of Space Opera in sight - no psionics, no space travel, few lasers and so on. And while you could reskin the magic and vehicle rules and what not, it'd be a pain in the posterior.","21":"I've been playing that as well.  I like it a lot.  I think they've done a great job in refining the combat.  It's much better than the previous game in that regard, for me at least.","22":"The original Trek is very inconsistent on whole  the ideals of Star Trek nation some episodes didn't really follow that manta ","23":"I really want to see a return to the core values of Star Trek - a unified and diverse crew working together, facing challenges and overcoming them as a team. I'm not interested in forced drama, infighting or the federation as a kind of thinly veiled metaphor for American Imperialism. Star Trek should be a positive view of the human race, showcasing the best of our values. ","24":"metal bikini sword sorcery? isn't that sonja the red and conan?","25":"Cyberpunk street samurai.","26":"Weird; up until now, I'm the only one who does it!","27":"Anything with proper lyrics is out. As the OP suggests, it depends on what you're reading but I think for modernish hard\/singularity\/space opera or military sf (eg Quantum Thief, Accelerando, much Ian M Banks or Ken McLeod) you should try some classic drum & bass (1994 - 2002 vintage). Also, the \"dub\" music described in \"Neuromancer\" is like a description of junglist\/d'n'b so it should work for ye olde cyberpunk as well","28":"I'm not sold on the staring eyes and screaming mouth.","29":"Which is the epitome of cyberpunk.","30":"The Jack Campbell seems like a series, would you recommend the entire series? I mean do the all contain anti-corp elements or just the ones you mentioned?","31":"Definitely. I would call them ","32":"Sounds like a joke? Is that real? Typically not the FBIs attention, the attention of big corporations, perhaps. If cyberpunk actually started an uprising, which in a sense some authors actually want its readers to be driven toward action to actually do something, then they would take note, guaranteed.","33":"Hunger Games?","34":"While there is a lot of cyberpunk that fits this mould, and I ","35":"Interesting. I did not know that. But it seems to me that's a typical case of government being slower than society. Things advance fast and the bureaucrats don't understand them. That's the result.","36":"Cyberpunk's attitude sure drew attention, the FBI's attention","37":". But I'm not sure if I would recommend it. I hate that book ","38":"Anti-corp; not anti-tech:","39":". A cyberpunk \/ space opera novella series which follows the fortunes of cold-hearted cyborg assassin Izobel Vice, prince turned mutant war machine Kalibos and hedonistic-psychopath-trapped-in-the-body-of-a-synthetic-ten-year-old, Phaeon Nex as they fight to survive in a cyberpunk city filled with warring crime bosses, special tensions, lovecraftian monsters, political intrigue and corporate power grabs. ","40":"Thanks for the suggestions. I will revise my descriptions along the lines of dystopian cyberpunk. I didn't look long for Heinlein's To Die For, couldn't find it, title is thoughtful. I did find his collection of short stories The Past Through Tomorrow. The wiki blurb, which I didn't see elsewhere, pretty well describes the literary path I am traveling on, parts of a larger storyline about the future rapid collapse of sanity in the United States. I can see the fine line between discouraging readers and hitting the nail on the head when reading the reviews of the story collection, almost all of them are overwhelmingly positive in a positive sense of the meaning. For me, The Past Through Tomorrow coupled with the collapse of sudden sanity, that's turns it into a funeral march title that says to me, not going forward into a better tomorrow, but going backwards in time, repeating past mistakes. I wonder what style of words promotes constructive thinking that actually builds a replenishable future.","41":"Cyberpunk seems to be the best fit, since it fits your descriptions like a charm and is trending right now. Also, it encompasses every other word you listed: dystopian, mystery, thriller--everything. You could take advantage of the current cyberpunk revival and hype, and I think you should make readers believe that this is a possible near future that we're going into if we don't change.","42":"Johnny Mnemonic by William Gibson. Read it in Omni in 1981. I went down the cyberpunk rabbit hole hard.","43":"Is this a BBC production?","44":"I've watched the first episode so far and I'm not hating it, which was unexpected. I don't like it but I don't hate it either. ","45":"Whereas I am moved to say \"Dude, what planet are you from?\"","46":"Oh by the way, I forgot about Blade Runner and to a lesser extent Dune. They also had an influence, although less, I would say more in the underground sector of fandom. In any case, the question will always remain of how history would have been if the Dune planned by Moebius and Jodorowsky had prospered. It occurs to me that a kind of The fifth Element but well done and without Bruce Willis.  ","47":"Cyberpunk? Neuromancer? Seriously? Again, I'm seeing strange things here. Star Wars? To be American for a moment: \"C'mon folks. Are yuh bein' mind controlled?\"","48":"Well, making a very rough and regrettable summary and skipping many elements, I could say that the 80's were defined by the explosion of cyberpunk. Forty years later we are not aware of the enormous influence that this had not only in literature, but also in cinema, comics, it actually turned them all upside down. But forty years later, we must also recognize that forums have only really existed for more or less twenty years. Anyway, in general terms what happened was that:","49":"","50":"I read Neuromancer shortly after it came out. I would have given it an unenthusiastic 3 stars. Years later I kept hearing about William Gibson and tried reading it again. Didn't finish. ","51":"It was cutting edge in it's  day and age and was entertaining . Its become a forgotten film.","52":"I *Love* Looker. it's a bonafide cyberpunk classic!","53":"Hah! That's the one I was reading, just finished. I have rather mixed feeling about it; first half was pretty dire but it picked up some in the second half. But it has that thing going on throughout that is so common in cyberpunk books and that I really hate; much of the vocabulary is completely undecipherable even after you've finished the book.","54":"I went looking for the comparison I referenced and landed on the original Mundane Manifesto which includes Neuromancer in a list of Mundane-conforming books so I'm going to retract my statement above.","55":"I gather that \"mundane\" is also intended to imply \"earthly, of the world\" and center Earth and the problems of people living on and around Earth.","56":"Run out of time to write up my recent reads properly ","57":"SAC and Mamoru Oshii's GitS are set in alternate universes - for me as much as I love SAC, Oshii's movies are next level.  That period where he produced Patlabor, GitS and Jin-Roh really are the absolute height of anime, for me.","58":"There a number of ways for you to do that. I don't think there is a \"best way\". Ideas are just ideas; everything will depend on how you execute them.","59":"This thread turned up on my search because of this:","60":"","61":"This duology (finished today) was very enjoyable.","62":"In a book (called 'before the golden age, by Asimov, if I remember correctly) the forward said that 'the golden age' was when the reader using the terms was just getting into heavy reading, maybe early\/mid teens. Say late fifyes-sixties for me (I was an early reader). But the typicl glorifying of technology of that epoche became less evident once we walked on the moon, and ecology became fashionable, we could stand on Zanzibar. Or try virtual reality, or cross breeding with fantasy. I was reading it all, and cyberpunk, and\u2026 But the new stuff wasn't golden, because it was less new, and so was I.","63":"I love Black Rain. I consider it a pseudo-cyberpunk film because the general feel and attitude of the film.","64":" by L.X. Becket","65":"What would make it more unique and groundbreaking then?","66":"I agree: it's a standard cyberpunk trope, probably related to Japan being economically powerful in the 70s and 80s when early cyberpunk was being written. The idea of a criminal\/assassin who follows a samurai code has also been used in crime films like ","67":"This is true. Before they carried their swords around. Weren't they also known to use bows through the 1400s-1600s?","68":"I like ","69":"If it's in the distant future, could I relate it to real samurai culture like this? Would it come off stereotypical?","70":"A cyberpunk samurai -- that certainly sounds like an interesting character. I would advise doing sufficient research to portray samurai culture correctly and respectfully. The first thing, though, that springs to mind is that is sounds like a remake of \"Seven Samurai,\" a classic Japanese movie and definitely still worth watching.","71":"A distinct lack of Pat Cadigan mentioned so far. ","72":"A cyberpunk this morning.","73":"AI as a term was coined in 1956 to cover the topic of computers imitating humans. This proved to be too difficult for the researchers to even start to achieve and as an aim was abandoned in the 70s. But during this period there were plenty of stories published where AIs imitated humans in some form or other. Perhaps my favourite is Robert Heinlein's The Moon is a Harsh Mistress where the computer is learning to have a sense of humour.","74":" by Bernard Wolf   Think of it as 50's Cyberpunk","75":"I've not read any Suarez so I can't comment on that, but I read Gibson before he became famous and I'm on the opposite side of the coin. I find that he is one of the most important authors of the last fifty years.","76":"I do not know if ","77":"If you enjoyed Fatherland have you seen the Bernie Gunther books by Philip Kerr? Gunther is a 1930's Berlin ex-policeman turned PI.","78":"","79":" by Mel Gilden","80":"Sigh! A truth I really don't want to contemplate.","81":"If I had to say what the modern era is like, at least in the West, I'd say it was like an unusually boring cyberpunk novel. The ","82":"It's not cyberpunk by any means, by Robert Harris' ","83":"The Stars My Destination by Alfred Bester is arguably the grandfather of cyberpunk. Cracking, very stylish novel. ","84":"The Moreau Quartet by S. Andrew Swann. An excellent mix of cyberpunk, uplift, and noir science fiction. The protagonist is an uplifted Bengal tiger private detective.","85":"Look into Bruce Sterling and Pat Cadigan. As I recall they were both lumped -- rightly or not -- in the cyberpunk camp.","86":"Since the Cyberpunk\/noise 75 word challenge a couple years ago, I've been wanting to paint a Cyberpunk beanstalk. Well, it took a long time for me to get around to it, but I finally painted it ","87":"W.T. Quick is not a name I've heard in a while. He wrote some very enjoyable cyberpunk stories, I thought. I still have his Dreams Trilogy books on my shelf.","88":"I've had a read through ","89":"Well, I think classically that is noir, but there's neo-noir like Blade Runner, and cyberpunk seems to be to fantasy what noir is to crime. I suppose what I'm saying is that noir is technically a subgenre of crime, but it's also a sensibility that carries into other genres.","90":"Nice way of putting it!","91":"yeah, it has great art and a superb setting but somehow it\u2019s less than its parts. I never finished it.","92":"My first 2 completed reads of 2021 are ","93":"I really like the short stories by Derrick Boden. Check him out if you're into Cyberpunk.","94":"Just read two issues of ","95":"Funnily enough, I just created an account on Reddit for the sole purpose of joining in the minipainting sub.","96":"There's a lot of really cool pictures in this thread. I wish I could illustrate my own work - beyond stick-people, I'm pretty lost.","97":"Thanks a lot for your very kind words ","98":"It pains me to confess I'm also not a Gaiman fan, for these exact reasons. I like *him* as a person, and ","99":" by Kimberly Unger. The blurb says \"a near future cyberpunk space opera\"","100":"I've finished my cyberpunk book.","101":"This is a very good cyberpunk space opera book, I'm about 2 thirds through it and am really enjoying this yarn.","102":"I'm sure I will enjoy the 'upcoming' issues more, Vince - I think it was just a little unfortunate the Cadigan wasn't to my taste and other stories were not classics, making it a slightly weak start to the 'exploration'. Asimov's editorial and the eulogies to Sturgeon were very illuminating and interesting though. I'm looking forward to February, not put off at all.","103":"I read this issue (and all of 1986) way back when. As an ardent cyberpunk fan it's one of their best for me. I hope you find the rest of the year more to your taste, Bick.","104":"I'm slowly reading through ","105":"It just occurs to me that the OP mentions cyberpunk. To my mind, cyberpunk has a lot in common with noir crime or gangster stories, in terms of plotting. The monomyth sounds more to me like epic fantasy or a historical epic. Which isn't to say that it couldn't be used to plot a cyberpunk story, just that it might also be worth having a look at classic crime stories (Raymond Chandler, James M Cain and the early James Ellroy books, say) as well.","106":"","107":"I know  ","108":"Just a note but Cyberpunk isn't Bethesda, its CDProjekt - the team that made the Witcher 1 through to 3 games. ","109":"My brother's enjoying it.","110":"Anyone taken the plunge and got Cyberpunk 2077 for the PC? Dissappointing and full of Bethesda glitches or great fun?","111":"","112":"\"Genre\" is usually defined as a category of artistic composition, as in music or literature, characterized by similarities in form, style, or subject matter.  For instance, romance, thriller, mystery, science fiction, fantasy, horror, western, etc.  Although according to some approaches the categories are broader: poetry, fiction, non-fiction.  Sometimes, these days, science fiction, fantasy, and horror are considered to together make up a genre called speculative fiction.  But each branch of speculative fiction is so broad and various that there are also \"sub-genres.\"  Steampunk, cyberpunk, space opera, etc. etc. etc.  High Fantasy, epic fantasy, urban fantasy, etc. etc. etc.","113":"I succumbed and got Cyberpunk 2077.  Much to my astonishment it's running very smoothly on 'ultra' settings on my 6 year old pc (i5 4690k, 8gb RAM as they were when I bought it, GPU upgraded to a GTX 1060 6gb about 3 years ago).","114":"Any movie by ","115":"Vince , thats'a very frightening thought.","116":"I wouldn't call the Borg cyberpunk, but I can see the reasoning that they are the logical end of social media taken to its obvious conclusion.","117":"I think that when Earth becomes the Borg collective,  we will then be Cyberpunk.  After all, Resistance is futile . ","118":"Stephenson has a very unique style close to Gibson's. I think it's really correlated to the cyberpunk subgenre and I can understand why you can't get into it. It's noisy, anarchist and full of details that doesn't have much to do with the story whatsoever. Gibson is even worst because the story is full of blanks that you have to fulfil yourself. ","119":"Hi everyone, new to the site and really loving all the amazing resources here! ","120":"I need, if not more","121":"Just taken on a new editorial project. It's extra cool because it's a guy I've worked with before, repeat business, making me feel like I have \"a reputation\" and \"a roster of clients\" and stuff like that. And it's in the same genre as my own WIP, namely dystopian cyberpunk sci-fi. And he's paid in advance. Christmas is saved! ","122":"Looks like Night City Wire Episode 4 came out a little while back..","123":"I think Kythe makes a great point, we may not be all the way there but we are close, with technology being very nearly there in terms of implantable technology and mind-controlled prosthetics.","124":"Not cyberpunk, more like media savvy or maybe mediapunk.","125":"I think we live in a cyberpunk\/dystopia hybrid, where cyberpunk-style methods are used for the dystopian control of populations. What we don't have on the dystopian side (in the West) is a genocidal dictator worshipped as a god, like Big Brother, Hitler or Stalin, but I see certain prominent figures as sociopaths who would have this as their eventual goal, so we will probably either move down this route or (I hope) deliberately reject it. ","126":"I'm a Cyberpunk 2020 player from waaaaay back. I had the 1st edition box and many (most) of the supplements. There have been a number of delays on Cyberpunk 2077, but since Mike Pondsmith has been directly involved in the development of the game so I have high hopes. Even if the game is fifty-seven years further on there is a distinctly 80s vibe to the whole thing.","127":"Well the new computer game is called Cyberpunk 2077 but the original RPG was called Cyberpunk 2020 so the finish line keeps moving.","128":"It's more like straight-up dystopia imo, whereas cyberpunk has more holograms, bigger Geissler tubes, badder-ass cycles, and better hair. There's still time though. Personally I'm hopeful that a cyberpunk-style knackered future is not so far off.","129":"I think of cyberpunk as portraying a world where people are closely intertwined with technology, to a point that we are nearly one with it.  I grew up without a computer in my home, yet now I would be disabled in both work and school without one. We get around with GPS.  We rely on Google for instant information. ","130":"Cyberpunk portrayed the 80s pushed forward 40 years or so. There was also a vision that science, while exploited, has made certain things possible, i.e. neural interface, orbital colonies, true AI, etc. While it was certainly bleak for a large sector of the population it was still very much forward thinking. I don't think we're anywhere near the future those stories depicted. So no, this future could not be called cyberpunk.","131":"No idea what they would have\/are thinking about computer use for the publics access to information. Personally I think there is so much garbage mixed in with true facts that every article needs either fact checking, or labeled as entirely true, mixed, pure entertainment, or garbage. I would say John Brunner would be feeling horribly right at home right now. I suspect that originally the stories were warnings instead of adventure stories as to what could happen. Watching warnings turn into blueprints is going to discourage some people from staying inside the bubble of reality we have carved out for ourselves. Fantasy can act as harbor of safe refuge for reading and writing.","132":"Science fiction as a genre is always looking for the new, no matter what sub-genre the writers and readers are interested in. And there have been several times in its history when a lot of people have asked whether it is dying or can we get out of the variations on the themes that have seen before. So far, it has always come back fighting. (The start of new wave and cyberpunk being the classic examples.) ","133":"The main problem I've got is telling and infodumping. It's as if you've decided that to read this story, the reader must be primed with full background knowledge in the first couple of pages. ","134":"Run out of time for full write ups so:","135":" by Katsuhiro Otomo. No trade paperbacks, either; ya boy's got the original pressing in English and Japanese. Up there with ","136":"Thanks for the clarification. I guess I was lucky to have had them to read early on. Cadigan especially was required reading for anyone interested in the cyberpunk genre IMO. I also read Elizabeth Moon early in her career I guess. I thought her ","137":"I never came across either until much later. In the 80s my reading was dominated by male sf authors - the women had to be sought out and i wouldn\u2019t have known where to search as a reader who mostly accessed the genre from mainstream outlets (Bujold still isn\u2019t published in the U.K.) in fact when I wrote Abendau it didn\u2019t occur to me I could have written the story about the female twin - now I would have explored that more deeply (although suspect I\u2019d still settle on the male character)","138":"Shhhh Vince not a good subject, no no no! ","139":"Jo, do you mean Pat Cadigan and Lois McMaster Bujold were invisible in the 80s? Probably not. But they are terrific writers. I'm a huge fan of Pat Cadigan's cyberpunk novels.","140":"Really, they should just have made it the colour of a TV tuned to a dead channel.","141":"I've gone through periods where I've read all of Howard's Conan, I spent a couple of years reading Honor Harrington and an eighteen-month stretch rereading and finishing Banks' Culture novels and of course there was the 80s where I hunted up and read everything even remotely connected to cyberpunk.","142":"Horizon Zero Dawn! ","143":"A rather mediocre crop of books for me:","144":"Hi! Well, I have built my entire thematic and influence corpus (yes, I subscribe to what Harold Bloom says) based on the following authors. And beware, not all of them are sci-fi:","145":" (1998). Abel Ferrara's adaptation of William Gibson's 1984 short story of the same name. This is a film that could have been a hard-hitting cyberpunk noir style fest, but was reduced to a plodding melodramatic broken romance instead. If you're a diehard cyberpunk fan like myself then watch it, once. Otherwise, your time is better spent elsewhere.","146":"","147":"My apologies! I just realized I never posted a response to this! ","148":"328. The Marid Audran trilogy by George Alec Effinger, starting with ","149":", the long-awaited sequel to Mainline (1996), was published at the end of 2019, and I've finally got around to reading it. I'm happy to report that it was worth the wait.","150":"I loved Invisible Inc. As you say, very XCOM\/X-COM-like in many ways. I think the time limit is an interesting addition. I highly, highly recommend another of Klei's games, Mark of the Ninja. It's not turn-based, but it's easily the most enjoyable stealth-based game I've ever played. This is the Switch trailer, but it's available on PC etc as well.","151":"Brandon Sanderson's ","152":"I read William Gibson's ","153":"I've been playing a game called ","154":"Well, I was playing WoW Classic for the last 6 or so months, but I had to have an operation and when I returned home, I could not get back into it. I have since picked up Team Fight Tactics, but again, I'm not really into it (as in addicted). I actually started work on an Online Cyberpunk Card Game. I dunno if I'm allowed to post links, but I made a video of it for Youtube. I might try and get back into MTG, I dunno.","155":"I'd love to participate. ","156":"Of interest","157":"For me, steampunk is usually any setting where the technology is driven by mechanical means (so cogs and gears) as opposed to electronics. The novel that established a lot of the modern steampunk ideas was \"The Difference Engine\" by William Gibson and Bruce Sterling, which basically charts the information technology revolution as driven by steam-powered mechanical computers in the 19th Century. Although the genre's starting point was the 1800s with some of the sci-fi novels by H G Wells, Jules Verne, and similar authors.","158":"Stunning... and frustratingly annoying. ","159":"I also thank Ashley R - I've been looking over that a lot since that post.","160":"I  like to believe anything in writing is possible . Cyberpunk is about an   technologically   advanced   dystopian future.  Steampunk is  about an alternative history.  The present has developed a different less advanced technology and the stories  more optimistic and adventurous than cyberpunk. It is great that some seem  be so encouraging and positive about writing such a project .I personally would be really  interested in their suggestions on how it could be  done.","161":"Couldn't you have one steampunk universe and one cyberpunk universe, maybe with some sort of portal in between?","162":"I finished Ian McDonald's ","163":"\"Ariel\": Definitely one of the better ones, and one of the more ambitious episodes in terms of scenery and scope. The majority of the episode involves the planning and execution of a heist, and everyone has a part to play (except Inara, who is away, and Book, who doesn't appear at all). We get a glimpse of life in the core worlds, which looks like a cross between the Star Trek Federation, one of the cleaner cyberpunk futures, and Milton Keynes. There are some good twists and turns and we get a first glimpse of the blue-handed secret service agents of the Alliance and their strange weaponry. While it doesn't have the thoughtfulness of \"Janestown\", it is well-plotted and very entertaining, and widens the Firefly world.","164":"Whilst its an old post its interesting to read several thinking them not going together well, when they actually go together really well.","165":"The Amish of the Cyberpunk universe! A Steampunk character transfering a trade skill into the larger cyberpunk world and having to cope. I would read that. ","166":"Gillian also a did a nod or two  to 1984 as well.","167":"It is an easy film to discount due to the humor, over the top acting and pastiche of SF film references. But it does those things while offering some really original SF concepts, convincing visuals, real character jeopardy and great action. I think this kind of satirical presentation is more like Brazil and other Terry Gilliam films in having a core seriousness despite the packaging - which often can be more emotionally impactful than a straight drama. If you removed all the humor from Fifth Element, it would still be a convincing ","168":"I'll have to dig out my copy of Burning Chrome and reread The Winter Market ","169":" \u2013 ","170":"So, 40 titles for the month of January. Not too bad. ","171":"Urban fantasy seems to be similar to the intersticial and slipstream in the OP. Like cyberpunk, they contain specific subject matter, but are also a style or aesthetic.","172":"You can find those subjects going back to the '60s. But I don't think the relative frequency of certain subjects is really the same as trends in style, like those listed in the subject line, or something like grimdark, steampunk, etc. ","173":"Science fiction themes tend to be cumulative in the sense that themes come to science fiction and after a peak of interest and experimentation tend to settle down to a steady turn out of new stories. Think space opera, cli-fi. cyberpunk, alternaivte history, new wave etc and how they never really disappeared. They're still with us on tick-over. ","174":"","175":""},"message":{"0":27,"1":836,"2":70,"3":8719,"4":1296,"5":6287,"6":8719,"7":6144,"8":3651,"9":21146,"10":1616,"11":27,"12":4670,"13":428,"14":428,"15":4670,"16":428,"17":1121,"18":428,"19":428,"20":3112,"21":1569,"22":19246,"23":562,"24":1296,"25":428,"26":428,"27":265,"28":6287,"29":4670,"30":48,"31":48,"32":48,"33":13,"34":4670,"35":428,"36":213,"37":428,"38":5097,"39":562,"40":893,"41":428,"42":4670,"43":3075,"44":562,"45":2847,"46":267,"47":129,"48":267,"49":50,"50":1616,"51":19246,"52":562,"53":8209,"54":313,"55":313,"56":8209,"57":562,"58":428,"59":1616,"60":8719,"61":6144,"62":7411,"63":4670,"64":6144,"65":28,"66":6287,"67":28,"68":428,"69":28,"70":836,"71":2149,"72":6144,"73":1254,"74":19246,"75":4670,"76":1616,"77":3716,"78":8719,"79":957,"80":10599,"81":6287,"82":6287,"83":3075,"84":4670,"85":2136,"86":256,"87":4670,"88":3571,"89":6287,"90":428,"91":22,"92":313,"93":428,"94":428,"95":1038,"96":6287,"97":55,"98":84,"99":6144,"100":6144,"101":6144,"102":3571,"103":4670,"104":3571,"105":6287,"106":1569,"107":5035,"108":4271,"109":1526,"110":5035,"111":65,"112":14782,"113":1569,"114":428,"115":19246,"116":4670,"117":19246,"118":7,"119":55,"120":84,"121":84,"122":96,"123":1038,"124":3716,"125":6287,"126":4670,"127":3716,"128":84,"129":814,"130":4670,"131":893,"132":1254,"133":6287,"134":8209,"135":265,"136":4670,"137":18641,"138":385,"139":4670,"140":6287,"141":4670,"142":4271,"143":8209,"144":267,"145":4670,"146":267,"147":1437,"148":3075,"149":212,"150":1569,"151":328,"152":4670,"153":6287,"154":2,"155":1437,"156":19246,"157":230,"158":8719,"159":5097,"160":162,"161":999,"162":940,"163":6287,"164":4271,"165":11,"166":19246,"167":479,"168":4670,"169":3571,"170":202,"171":479,"172":479,"173":1254,"174":2136,"175":8719}}